,Full_name,Practice,Full address,Address,City,State,Zip,Phone,URL
0,"Melanie C.. Altamirano, NP","             16350 Ventura Blvd. Suite D323            Encino, CA, 91436            818-906-4944            ",,"             16350 Ventura Blvd. Suite D323            Encino, CA, 91436            818-906-4944            ","""Lynwood""","""CA","""90262""","""310-900-5010""",https://www.stfrancismedicalcenter.com/find-a-provider/melanie-c-altamirano-np/
1,"Melanie C.. Altamirano, NP","             16350 Ventura Blvd. Suite D323            Encino, CA, 91436            818-906-4944            ",,"             16350 Ventura Blvd. Suite D323            Encino, CA, 91436            818-906-4944            ","""Lynwood""","""CA","""90262""","""310-900-5010""",https://www.stfrancismedicalcenter.com/find-a-provider/melanie-c-altamirano-np/
2,"Gwen M.. Allen, MD"," Gardena Women's Center             1141 W Redondo Beach Blvd, Suite 402            Gardena, CA, 90247            310-329-9492            ",," Gardena Women's Center             1141 W Redondo Beach Blvd, Suite 402            Gardena, CA, 90247            310-329-9492            ","""Lynwood""","""CA","""90262""","""310-900-5010""",https://www.stfrancismedicalcenter.com/find-a-provider/gwen-m-allen-md/
3,"Ayman Alladawi, MD","             8077 Florence Ave., Suite 112            Downey, CA, 90240            562-904-6031            ",,"             8077 Florence Ave., Suite 112            Downey, CA, 90240            562-904-6031            ","""Inglewood""","""CA","""90301""","""917-909-9151""",https://www.stfrancismedicalcenter.com/find-a-provider/ayman-alladawi-md2/
4,"Nidal Alkafarna, PA","             22431 Antonio Pkwy, Suite B160-613            Rancho Santa Margarita, CA, 92888            855-727-2251            ",,"             22431 Antonio Pkwy, Suite B160-613            Rancho Santa Margarita, CA, 92888            855-727-2251            ","""Inglewood""","""CA","""90301""","""917-909-9151""",https://www.stfrancismedicalcenter.com/find-a-provider/nidal-alkafarna-pa/
5,"Mohsen A.. Aljayeh, MD","             8510 Balboa Blvd, 150            Northridge, CA, 91325            818-552-6230            ",,"             8510 Balboa Blvd, 150            Northridge, CA, 91325            818-552-6230            ","""Pasadena""","""CA","""91105""","""626-796-9259""",https://www.stfrancismedicalcenter.com/find-a-provider/mohsen-a-aljayeh-md/
6,"Tricia M.. Aliazis, NP","             3621 Martin Luther King Jr. Blvd., Ste. 6            Lynwood, CA, 90262            310-638-9977            ",,"             3621 Martin Luther King Jr. Blvd., Ste. 6            Lynwood, CA, 90262            310-638-9977            ","""Pasadena""","""CA","""91105""","""626-796-9259""",https://www.stfrancismedicalcenter.com/find-a-provider/tricia-m-aliazis-np/
7,"Farzad Alemi, MD","             3628 E. Imperial Hwy., Suite 103            Lynwood, CA, 90262            310-900-5010            ",,"             3628 E. Imperial Hwy., Suite 103            Lynwood, CA, 90262            310-900-5010            ","""Panorama","""CA","""91402""","""747-998-0387""",https://www.stfrancismedicalcenter.com/find-a-provider/farzad-alemi-md2/
8,"Afshin Ahoubim, MD","             555 East Hardy Street            Inglewood, CA, 90301            917-909-9151            ",,"             555 East Hardy Street            Inglewood, CA, 90301            917-909-9151            ","""Panorama","""CA","""91402""","""747-998-0387""",https://www.stfrancismedicalcenter.com/find-a-provider/afshin-ahoubim-md/
9,"Joseph Ahdoot, MD"," Pacific Pediatric Cardiology Medical Grp             50 W. Bellefontaine St., Suite 405            Pasadena, CA, 91105            626-796-9259            ",," Pacific Pediatric Cardiology Medical Grp             50 W. Bellefontaine St., Suite 405            Pasadena, CA, 91105            626-796-9259            ","""Gardena""","""CA","""90247""","""310-767-7814""",https://www.stfrancismedicalcenter.com/find-a-provider/joseph-ahdoot-md2/
10,"Rosa M.. Aguero, NP"," Alliance for Wellness / SoCal Mental Health             14860 Roscoe Blvd, Suite 307            Panorama City, CA, 91402            747-998-0387            ",," Alliance for Wellness / SoCal Mental Health             14860 Roscoe Blvd, Suite 307            Panorama City, CA, 91402            747-998-0387            ","""Gardena""","""CA","""90247""","""310-767-7814""",https://www.stfrancismedicalcenter.com/find-a-provider/rosa-m-aguero-np/
11,"Mehrdad M.. Aghai, MD"," Century Eye Care Medical Center, Inc.             1141 W. Redondo Beach Blvd., Suite 101            Gardena, CA, 90247            310-767-7814            ",," Century Eye Care Medical Center, Inc.             1141 W. Redondo Beach Blvd., Suite 101            Gardena, CA, 90247            310-767-7814            ","""Lynwood""","""CA","""90262""","""310-631-2838""",https://www.stfrancismedicalcenter.com/find-a-provider/mehrdad-m-aghai-md/
12,"Adegbenga A.. Adetola, MD","             3737 MLK, Jr. Blvd., Suite 400            Lynwood, CA, 90262            310-631-2838            ",,"             3737 MLK, Jr. Blvd., Suite 400            Lynwood, CA, 90262            310-631-2838            ","""Lynwood""","""CA","""90262""","""310-631-2838""",https://www.stfrancismedicalcenter.com/find-a-provider/adegbenga-a-adetola-md/
